"Bergeson,Elise Marie",berge641,berge641@d.umn.edu,
"Brown,Karlene Marie",brow2910,brow2910@d.umn.edu,
"Cervantes,Maximiliano Elidio",cerv0065,cerv0065@d.umn.edu,
"Chapman,Alexandra Alcorn",chapm178,chapm178@d.umn.edu,
"Claus,Natalie Kae",claus230,claus230@d.umn.edu,
"Dustin,Della",dust0022,dust0022@d.umn.edu,
"Endersbe,Hayley A",ender049,ender049@d.umn.edu,
"Estenson,Kayla E",esten019,esten019@d.umn.edu,
"Fleury,Jessica C",fleur013,fleur013@d.umn.edu,
"Gallagher,Ryan E",galla268,galla268@d.umn.edu,
"Gill,Zachary C",gillx163,gillx163@d.umn.edu,
"Gutknecht,Megan E",gutk0007,gutk0007@d.umn.edu,
"Herry,Jenelle Krystle",herry001,herry001@d.umn.edu,
"Iserloth,Allie Marie",iserl002,iserl002@d.umn.edu,
"Johnson,Christine Louise",joh07518,joh07518@d.umn.edu,
"Kangas,Amanda N",kanga102,kanga102@d.umn.edu,
"Lundtvedt,Carina Lynn",lundt002,lundt002@d.umn.edu,
"Maki,Brian William",makix267,makix267@d.umn.edu,
"Martin,Russell D",mart2912,mart2912@d.umn.edu,
"Marturano,Joelle",martu007,martu007@d.umn.edu,
"Maxa,Samantha Mcken",maxax013,maxax013@d.umn.edu,
"Quinones,Diamond L",quino014,quino014@d.umn.edu,
"Ricci,Adam Michael",ricc0079,ricc0079@d.umn.edu,
"Schnoebelen,Carlie R",schn0721,schn0721@d.umn.edu,
"Schultz,Alyssa R",schu2593,schu2593@d.umn.edu,
"Scoles,Tiffany A",scole001,scole001@d.umn.edu,
"Theres,KatiLyn",there007,there007@d.umn.edu,
"Wiertzema,Jordan R",wiert003,wiert003@d.umn.edu
