"Anderson","Stephanie Joy",and03104,and03104@d.umn.edu
"Anderson","Wendy",and02531,and02531@d.umn.edu
"Antonson","Paige Elizabeth",anton202,anton202@d.umn.edu
"Aurnob","Kazi Fakhrul Muyeed",aurno001,aurno001@d.umn.edu
"Bartell","Dayton B",bart0571,bart0571@d.umn.edu
"Batz","Anna L",batzx008,batzx008@d.umn.edu
"Bekelcho","Birhane G",bekel020,bekel020@d.umn.edu
"Boots","Bailey J",boots013,boots013@d.umn.edu
"Borchardt","Leah R",borch165,borch165@d.umn.edu
"Boston","Taylor Joseph",bost0083,bost0083@d.umn.edu
"Brillowski","Dallas Rae",brill048,brill048@d.umn.edu
"Chang","Joo-Hyun",chang858,chang858@d.umn.edu
"Chea","Sophinieng Samantha",chea0060,chea0060@d.umn.edu
"Christensen","Ariel Jordan",chri2865,chri2865@d.umn.edu
"Colford","Ashley M",colfo008,colfo008@d.umn.edu
"Collander","Dawn Marie",colla043,colla043@d.umn.edu
"Damsgard","Erika",dams0009,dams0009@d.umn.edu
"Dang","Matthew",dangx130,dangx130@d.umn.edu
"DeBlase","Alyce",debla007,debla007@d.umn.edu
"Dittel","Reid A",ditte035,ditte035@d.umn.edu
"Evans","Mary C",evans658,evans658@d.umn.edu
"Fluke","Jason James",fluke008,fluke008@d.umn.edu
"Fry","Emily",fryxx050,fryxx050@d.umn.edu
"Gargano","Jacob Charles",garga014,garga014@d.umn.edu
"Gitenya","Derick N",giten002,giten002@d.umn.edu
"Hammerschmidt","Alexis Ann",hamme377,hamme377@d.umn.edu
"Hansen","Tess Alexandra",hans3845,hans3845@d.umn.edu
"Harms","Kara",harms153,harms153@d.umn.edu
"Harris","Rebecca T",harr1238,harr1238@d.umn.edu
"Havrilla","Marie Christine",havr0007,havr0007@d.umn.edu
"Hendrickson","Troy A",hendr681,hendr681@d.umn.edu
"Hestekin","Brittany K",heste019,heste019@d.umn.edu
"Hobbs","McKenna Elizabeth",hobbs078,hobbs078@d.umn.edu
"Hofmann","Victoria J",hofma052,hofma052@d.umn.edu
"Jesch","Kristen",jesch006,jesch006@d.umn.edu
"Johnson","Andrew David",joh02910,joh02910@d.umn.edu
"Johnson","Derik J",joh08898,joh08898@d.umn.edu
"Johnson","Elizabeth M",joh07836,joh07836@d.umn.edu
"Johnson","Joshua L",joh09430,joh09430@d.umn.edu
"Johnson","Kelsa Marie",joh09253,joh09253@d.umn.edu
"Joseph","Logan K",josep259,josep259@d.umn.edu
"Joyer","Jenna Frances",joyer010,joyer010@d.umn.edu
"Kelly","Megan Marie",kelly967,kelly967@d.umn.edu
"Kielas-Jensen","Megan Christine",kiela011,kiela011@d.umn.edu
"Klein","Julia",klein820,klein820@d.umn.edu
"Knutson","Kaitlyn R",knuts727,knuts727@d.umn.edu
"Koch","Sarah",kochx306,kochx306@d.umn.edu
"Kosovich","Katherine",kosov007,kosov007@d.umn.edu
"Leese","Maggie Ruth",leese006,leese006@d.umn.edu
"Lommel","Alyssa Jo",lomme040,lomme040@d.umn.edu
"Maher","Joshua L",maher145,maher145@d.umn.edu
"Maile","Brittney",maile011,maile011@d.umn.edu
"Malecha","Katchen M",malec082,malec082@d.umn.edu
"Marier","Kelsey Louise",marie042,marie042@d.umn.edu
"McKay","Kerwin",mckay164,mckay164@d.umn.edu
"Meyer","Morgan M",meye1768,meye1768@d.umn.edu
"Michaelson","Alyssa C",micha477,micha477@d.umn.edu
"Mohs","Kayla Marie",mohsx044,mohsx044@d.umn.edu
"Montez","Frankie M",monte173,monte173@d.umn.edu
"Moore","Anthony",moor0820,moor0820@d.umn.edu
"Moore-Kentros","Konstantinos Dimitri",moor0845,moor0845@d.umn.edu
"Oreilly","Jennifer K",oreil058,oreil058@d.umn.edu
"Oswald","Kyle",oswal103,oswal103@d.umn.edu
"Pangell","Kayla Irene",pange032,pange032@d.umn.edu
"Press","Anastasia Marie",press057,press057@d.umn.edu
"Rambeck","Mary",ramb0049,ramb0049@d.umn.edu
"Rasmusson","Elijah Gerald",rasmu620,rasmu620@d.umn.edu
"Reek","Amelia A",reekx004,reekx004@d.umn.edu
"Roche","Elise J",roche092,roche092@d.umn.edu
"Roering","Chelsea Alexandra",roeri038,roeri038@d.umn.edu
"Ross","Ashley W",rossx653,rossx653@d.umn.edu
"Schlies","Amanda L",schli173,schli173@d.umn.edu
"Schmidt","Elizabeth Jean",schm3392,schm3392@d.umn.edu
"Schoon","Allison Renee",schoo126,schoo126@d.umn.edu
"Schulte","Jacob R",schu2764,schu2764@d.umn.edu
"Seebach","Chelsae G",seeb0052,seeb0052@d.umn.edu
"Shuman","Dennis Christopher",shum0042,shum0042@d.umn.edu
"Skwor","Kayla",skwor002,skwor002@d.umn.edu
"Soper","Regina Corrine",wheel317,wheel317@d.umn.edu
"Spoden","Andrew T",spode021,spode021@d.umn.edu
"Stenvick","Joshua",stenv010,stenv010@d.umn.edu
"Stillwell","Meghan M",still144,still144@d.umn.edu
"Tessness","Victoria Jeanne",tessn002,tessn002@d.umn.edu
"Vafina","Aleksandra Aleksandrovna",vafin002,vafin002@d.umn.edu
"Van Cleve","Carl James",vancl019,vancl019@d.umn.edu
"Vang","Gaoiaong",vang1070,vang1070@d.umn.edu
"Varichak","Taylor P",vari0022,vari0022@d.umn.edu
"Vogt","Jacquie R",vogtx166,vogtx166@d.umn.edu
"Vue","Ly-Vong",vuexx359,vuexx359@d.umn.edu
"Wadd","Tyler",waddx006,waddx006@d.umn.edu
"Wentworth","Brittany M",wentw042,wentw042@d.umn.edu
"Wherland","Trae",wherl014,wherl014@d.umn.edu
"Wiberg","Hannah S",wibe0025,wibe0025@d.umn.edu
"Wichmann","Charles A",wichm042,wichm042@d.umn.edu
"Williams","Mara Le",will4193,will4193@d.umn.edu
"Xiong","Tang",xiong916,xiong916@d.umn.edu
"Zapf","Kristen",zapfx006,zapfx006@d.umn.edu
,,,
